{
  "embedding_mlp": {
    "precision_at_k": 0.06268656716417911,
    "recall_at_k": 0.06717773927159809,
    "ndcg_at_k": 0.08394836569051084,
    "hit_rate_at_k": 0.39339019189765456,
    "auc": 0.7327032738644452
  },
  "popularity": {
    "precision_at_k": 0.060767590618336885,
    "recall_at_k": 0.06705422462797625,
    "ndcg_at_k": 0.08322034187712328,
    "hit_rate_at_k": 0.38486140724946694,
    "auc": 0.7382532591555759
  },
  "logistic_regression": {
    "precision_at_k": 0.060767590618336885,
    "recall_at_k": 0.06705422462797625,
    "ndcg_at_k": 0.08322034187712328,
    "hit_rate_at_k": 0.38486140724946694,
    "auc": 0.7382532591555759
  }
}