{
  "embedding_mlp": {
    "precision_at_k": 0.09616204690831556,
    "recall_at_k": 0.11276672450516843,
    "ndcg_at_k": 0.12550063036130543,
    "hit_rate_at_k": 0.5287846481876333,
    "auc": 0.8279538885717778
  },
  "popularity": {
    "precision_at_k": 0.060767590618336885,
    "recall_at_k": 0.06705422462797625,
    "ndcg_at_k": 0.08322034187712328,
    "hit_rate_at_k": 0.38486140724946694,
    "auc": 0.7382532591555759
  },
  "item_knn": {
    "precision_at_k": 0.0880597014925373,
    "recall_at_k": 0.11548316481102609,
    "ndcg_at_k": 0.12481010679509016,
    "hit_rate_at_k": 0.5159914712153518,
    "auc": 0.7775097939447067
  }
}